{
  "users": [
    {
      "user_id": "1",
      "username": "naruto",
      "password": "Password1@",
      "profile": {
        "title": "sdf",
        "first_name": "Naruto",
        "last_name": "Uzumaki",
        "university": "University Of South Florida",
        "major": "Sdfsdf",
        "about": "sdfsdf",
        "education": [
          {
            "edu_id": "20",
            "school": "",
            "degree": "",
            "years": ""
          }
        ],
        "experience": [
          {
            "job_id": "38",
            "user": "",
            "title": "sdf",
            "description": "sdf",
            "employer": "sdf",
            "location": "sdf",
            "salary": "",
            "start_date": "sdf",
            "end_date": "sdf"
          },
          {
            "job_id": "39",
            "user": "",
            "title": "",
            "description": "",
            "employer": "",
            "location": "",
            "salary": "",
            "start_date": "",
            "end_date": ""
          },
          {
            "job_id": "40",
            "user": "",
            "title": "",
            "description": "",
            "employer": "",
            "location": "",
            "salary": "",
            "start_date": "",
            "end_date": ""
          }
        ]
      },
      "active_profile": true,
      "settings": {
        "sms_notifications": false,
        "email_notifications": false,
        "ad_notifications": false,
        "language": "English"
      },
      "jobPosts": [],
      "friends": [
        "3"
      ],
      "friend_requests": [],
      "language": "English"
    },
    {
      "user_id": "2",
      "username": "sasuke",
      "password": "Password1@",
      "profile": {
        "title": "Sasuke Uchiha is a shinobi",
        "first_name": "Sasuke",
        "last_name": "Uchiha",
        "university": "University Of South Florida",
        "major": "Computer Science",
        "about": "Sasuke Uchiha is a fictional character in the Naruto manga and anime series created by Masashi Kishimoto",
        "education": [
          {
            "edu_id": "2",
            "school": "Hillsborough High School",
            "degree": "High School Diploma",
            "years": "2010-2014"
          }
        ],
        "experience": [
          {
            "job_id": "2",
            "user": "sasuke",
            "title": "Software Engineer",
            "description": "I worked as a software engineer for a company",
            "employer": "Google",
            "location": "Mountain View, CA",
            "salary": "$100,000",
            "start_date": "2018-01-01",
            "end_date": "2019-01-01"
          }
        ]
      },
      "active_profile": true,
      "settings": {
        "sms_notifications": true,
        "email_notifications": true,
        "ad_notifications": true,
        "language": "English"
      },
      "jobPosts": [],
      "friends": [],
      "friend_requests": []
    },
    {
      "user_id": "3",
      "username": "sakura",
      "password": "Password1@",
      "profile": {
        "title": "Sakura Haruno is a shinobi",
        "first_name": "Sakura",
        "last_name": "Haruno",
        "university": "University Of South Florida",
        "major": "Computer Science",
        "about": "Sakura Haruno is a fictional character in the Naruto manga and anime series created by Masashi Kishimoto",
        "education": [
          {
            "edu_id": "3",
            "school": "Hillsborough High School",
            "degree": "High School Diploma",
            "years": "2010-2014"
          }
        ],
        "experience": [
          {
            "job_id": "3",
            "user": "sakura",
            "title": "Software Engineer",
            "description": "I worked as a software engineer for a company",
            "employer": "Google",
            "location": "Mountain View, CA",
            "salary": "$100,000",
            "start_date": "2018-01-01",
            "end_date": "2019-01-01"
          }
        ]
      },
      "active_profile": true,
      "settings": {
        "sms_notifications": true,
        "email_notifications": true,
        "ad_notifications": true,
        "language": "English"
      },
      "jobPosts": [],
      "friends": [
        "1"
      ],
      "friend_requests": []
    },
    {
      "user_id": "4",
      "username": "kakashi",
      "password": "Password1@",
      "profile": {
        "title": "",
        "first_name": "Kakashi",
        "last_name": "Hatake",
        "university": "University Of South Florida",
        "major": "Computer Science",
        "about": "",
        "education": [],
        "experience": []
      },
      "active_profile": false,
      "settings": {
        "sms_notifications": true,
        "email_notifications": true,
        "ad_notifications": true,
        "language": "English"
      },
      "jobPosts": [],
      "friends": [],
      "friend_requests": [
        "1"
      ]
    }
  ]
}